{
    "Top 10 Profit Gaining Companies ": {
        "Vedanta": 81.50896334425158,
        "Mahindra_Mahindra": 72.06780061578031,
        "Divis_Laboratories": 62.3807904836295,
        "Airtel": 42.31950916243362,
        "Wipro": 35.34884299369076,
        "Tech_Mahindra": 34.723317192882526,
        "Sun_Pharma": 31.234507760988055,
        "Jubilant_FoodWorks": 31.031241668016467,
        "SBI": 21.459048236126478,
        "PowerGrid": 21.146256691408478
    },
    "Top 10 Losing Companies": {
        "HUL": -1.4348025431727225,
        "Coal_India": -1.7064932477640669,
        "Tata_Steel": -1.9600176463276096,
        "Tata_Power": -4.403507912793479,
        "Larsen_Toubro": -6.003653204869064,
        "Shree_Cement": -8.910064357886403,
        "Indian_Oil": -8.914764760821885,
        "Axis_Bank": -10.55529053801426,
        "Hero_MotoCorp": -10.664053500644858,
        "Tata_Motors": -12.441693892078028
    }
}